id,name,type,year,total_earners,male_earners,female_earners,median_earnings,male_median_earnings,male_full_time_median_earnings,female_full_time_median_earnings,female_median_earnings,percent_with_earnings_1_to_9999,percent_with_earnings_10000_to_14999,percent_with_earnings_15000_to_24999,percent_with_earnings_25000_to_34999,percent_with_earnings_35000_to_49999,percent_with_earnings_50000_to_64999,percent_with_earnings_65000_to_74999,percent_with_earnings_75000_to_99999,percent_with_earnings_over_100000,median_earnings_less_than_high_school,median_earnings_high_school,median_earnings_some_college_or_associates,median_earnings_bachelor_degree,median_earnings_graduate_or_professional_degree,ratio_male_earners,ratio_female_earners,ratio_median_male_to_female_earnings,ratio_full_time_median_male_to_female_earnings,ratio_less_than_high_school_to_median,ratio_high_school_to_median,ratio_some_college_or_associates_to_median,ratio_bachelor_to_median,ratio_graduate_to_median,population
0100000US,United States,nation,2013,161196351,84706186,76490165,30538,35786,49087,38635,25416,2,4,14.3,16.9,20.3,14.9,6,9.7,12,19652,27528,33702,50254,66493,0.525,0.475,1.408,1.271,0.644,0.901,1.104,1.646,2.177,311536594
0200000US1,Northeast Region,region,2013,29727413,15353415,14373998,34115,40816,54032,43676,28975,1.6,2.9,11.1,14.8,19.8,16,6.8,11.6,15.3,21042,30597,37210,53883,71835,0.516,0.484,1.409,1.237,0.617,0.897,1.091,1.579,2.106,55564549
0200000US2,Midwest Region,region,2013,35774569,18594707,17179862,29888,35761,48785,37162,24169,2,3.5,13.7,17.8,21.9,15.7,6.2,9.3,9.7,20148,27453,32592,47781,63304,0.52,0.48,1.48,1.313,0.674,0.919,1.09,1.599,2.118,67148157
0200000US3,South Region,region,2013,58481783,30716040,27765743,29055,33590,45449,35888,24461,2.2,4.7,16.3,18,20.3,14,5.4,8.5,10.5,18948,26482,32273,48483,63384,0.525,0.475,1.373,1.266,0.652,0.911,1.111,1.669,2.182,116015264
0200000US4,West Region,region,2013,37212586,20042024,17170562,30697,35605,50338,40699,25622,2,3.9,13.9,15.7,19.3,14.6,6.2,10.7,13.8,19579,28015,35009,51451,70628,0.539,0.461,1.39,1.237,0.638,0.913,1.14,1.676,2.301,72808624
0300000US1,New England Division,division,2013,8190524,4190143,4000381,35041,42077,57171,45378,29594,1.4,2.2,9.2,14.2,20.3,16.8,7.4,12.4,16.2,22346,31551,37519,53682,71020,0.512,0.488,1.422,1.26,0.638,0.9,1.071,1.532,2.027,14513709
0300000US2,Middle Atlantic Division,division,2013,21536889,11163272,10373617,33765,40352,53100,43040,28744,1.7,3.2,11.9,15,19.6,15.7,6.6,11.3,15,20695,30271,37094,53959,72212,0.518,0.482,1.404,1.234,0.613,0.897,1.099,1.598,2.139,41050840
0300000US3,East North Central Division,division,2013,24246036,12581552,11664484,29847,35908,49820,37750,24040,1.9,3.5,13.7,17.3,21.3,15.9,6.5,9.8,10.1,19901,27416,32605,49012,64832,0.519,0.481,1.494,1.32,0.667,0.919,1.092,1.642,2.172,46505971
0300000US4,West North Central Division,division,2013,11528533,6013155,5515378,29966,35486,46818,36123,24426,2.2,3.7,13.9,18.9,22.9,15.3,5.7,8.5,8.9,20670,27550,32566,45789,59908,0.522,0.478,1.453,1.296,0.69,0.919,1.087,1.528,1.999,20642186
0300000US5,South Atlantic Division,division,2013,30803815,15973953,14829862,30174,34279,46749,37634,25785,2,4.1,15.3,17.8,20.4,14.1,5.6,9,11.7,18985,26627,32444,48661,65889,0.519,0.481,1.329,1.242,0.629,0.882,1.075,1.613,2.184,60548943
0300000US6,East South Central Division,division,2013,9025346,4713409,4311937,26777,31873,43141,32796,22285,2.4,5,17.8,19.6,21.5,14,5,7.2,7.5,18330,25699,30956,44287,54971,0.522,0.478,1.43,1.315,0.685,0.96,1.156,1.654,2.053,18539869
0300000US7,West South Central Division,division,2013,18652622,10028678,8623944,28367,33590,44785,34457,23063,2.4,5.5,17.3,17.5,19.7,13.9,5.3,8.3,10.1,19106,26690,32788,49955,62917,0.538,0.462,1.456,1.3,0.674,0.941,1.156,1.761,2.218,36926452
0300000US8,Mountain Division,division,2013,11540801,6210262,5330539,29171,34181,47413,36825,23988,2.2,4.3,14.4,17.7,21.2,14.7,5.9,9.3,10.2,20408,27318,32530,45743,61044,0.538,0.462,1.425,1.288,0.7,0.936,1.115,1.568,2.093,22364529
0300000US9,Pacific Division,division,2013,25671785,13831762,11840023,31270,36300,51514,42582,26334,1.9,3.8,13.7,14.8,18.4,14.5,6.3,11.3,15.4,19326,28482,36234,53694,74858,0.539,0.461,1.378,1.21,0.618,0.911,1.159,1.717,2.394,50444095
0400000US01,Alabama,state,2013,2301247,1204874,1096373,26938,32742,44736,32711,21875,2.3,5,17.7,18.6,20.7,14.4,5.3,7.7,8.2,18641,25851,31138,46556,56668,0.524,0.476,1.497,1.368,0.692,0.96,1.156,1.728,2.104,4799277
0400000US02,Alaska,state,2013,419911,232452,187459,35169,42394,57361,43215,29363,1.7,2.5,10.1,14.6,20,17,7.8,13.5,12.7,23249,32196,41059,52590,70120,0.554,0.446,1.444,1.327,0.661,0.915,1.167,1.495,1.994,720316
0400000US04,Arizona,state,2013,3105394,1662193,1443201,29567,32841,45579,37357,25479,2.1,4.4,14.9,17.8,21.7,14.3,5.6,9,10.2,19110,26591,33740,48461,60652,0.535,0.465,1.289,1.22,0.646,0.899,1.141,1.639,2.051,6479703
0400000US05,Arkansas,state,2013,1413730,743753,669977,25715,30456,40245,31016,21512,2.5,5.5,20.4,20.5,21.1,12.7,4.6,6.3,6.4,19793,25236,29421,43727,56434,0.526,0.474,1.416,1.298,0.77,0.981,1.144,1.7,2.195,2933369
0400000US06,California,state,2013,18840355,10189476,8650879,31212,35658,51207,43528,26552,1.9,4,14.2,14.4,17.6,14,6.1,11.3,16.4,19122,27952,36901,55262,78746,0.541,0.459,1.343,1.176,0.613,0.896,1.182,1.771,2.523,37659181
0400000US08,Colorado,state,2013,2883225,1550045,1333180,31833,37817,51766,41155,26455,1.9,3.8,11.6,15.7,20.8,15.4,6.5,10.8,13.5,21047,29691,34718,48120,63105,0.538,0.462,1.429,1.258,0.661,0.933,1.091,1.512,1.982,5119329
0400000US09,Connecticut,state,2013,1988231,1025322,962909,37896,45840,62539,48705,31112,1.3,2,8.4,12.2,18.7,16.6,7.8,14,18.9,22270,33524,40152,59515,77705,0.516,0.484,1.473,1.284,0.588,0.885,1.06,1.57,2.05,3583561
1600000US0111488,"Calvert CDP, Alabama",place,2013,76,17,59,16279,0,0,0,0,0,0,71.7,28.3,0,0,0,0,0,0,0,0,0,0,0.224,0.776,0,0,0,0,0,0,0,206
0400000US10,Delaware,state,2013,480468,244226,236242,32381,38638,51222,41469,28183,1.5,3,11.8,16.4,22,16.5,6.8,10.5,11.3,21123,30655,37584,50850,68150,0.508,0.492,1.371,1.235,0.652,0.947,1.161,1.57,2.105,908446
0400000US11,District of Columbia,state,2013,365586,177932,187654,45231,48526,67487,60383,42964,1.2,2.1,6.7,9.8,16.8,14.9,7.7,14.9,25.9,22471,30179,37914,61334,82921,0.487,0.513,1.129,1.118,0.497,0.667,0.838,1.356,1.833,619371
1600000US0643126,"Lookout CDP, California",place,2013,0,0,0,0,0,0,0,0,0,0,0,0,0,0,0,0,0,0,0,0,0,0,0,0,0,0,0,0,0,0,0,0
0400000US12,Florida,state,2013,9288727,4829264,4459463,27208,30915,42086,34852,24574,2.1,4.9,17.8,19.6,21,13.1,4.9,7.5,9.1,18106,25152,31130,43710,58961,0.52,0.48,1.258,1.208,0.665,0.924,1.144,1.607,2.167,19091156
0400000US13,Georgia,state,2013,4851322,2534112,2317210,29205,33364,45518,36313,24937,2.2,4.5,16.1,18.1,19.9,14.5,5.6,8.5,10.6,18361,26239,31954,50215,62411,0.522,0.478,1.338,1.253,0.629,0.898,1.094,1.719,2.137,9810417
0400000US15,Hawaii,state,2013,742945,398833,344112,32394,37368,47447,39021,28821,2,3.2,13.2,18.4,22.1,16.1,6.2,9.9,8.8,21746,30287,35814,45940,61277,0.537,0.463,1.297,1.216,0.671,0.935,1.106,1.418,1.892,1376298
0400000US16,Idaho,state,2013,812382,438405,373977,24696,30815,42818,31694,19289,2.7,4.9,17,20.5,21.4,13.8,4.9,7.6,7.1,19851,24714,27672,40215,58335,0.54,0.46,1.598,1.351,0.804,1.001,1.121,1.628,2.362,1583364
0400000US17,Illinois,state,2013,6754544,3523545,3230999,31780,38715,52649,40900,26154,1.6,3.2,13.2,15.6,19.6,15.7,6.8,11.1,13.2,20962,28242,34638,51864,68489,0.522,0.478,1.48,1.287,0.66,0.889,1.09,1.632,2.155,12848554
0400000US18,Indiana,state,2013,3387399,1776422,1610977,28334,34816,46822,34434,22549,1.9,3.8,14.8,19.5,22.6,15.5,5.9,8.4,7.8,19638,27940,32222,45396,60487,0.524,0.476,1.544,1.36,0.693,0.986,1.137,1.602,2.135,6514861
0400000US19,Iowa,state,2013,1742719,910836,831883,29498,35502,45814,35025,23707,2.1,3.5,13.7,20,24.4,16.1,5.6,7.5,7.2,21606,28271,32641,45273,59430,0.523,0.477,1.498,1.308,0.732,0.958,1.107,1.535,2.015,3062553
0400000US20,Kansas,state,2013,1579367,835475,743892,29196,35131,45922,34935,23297,2.4,3.9,14.8,19.3,22.5,14.7,5.5,8.1,8.8,21618,27011,31620,44761,57757,0.529,0.471,1.508,1.314,0.74,0.925,1.083,1.533,1.978,2868107
0400000US21,Kentucky,state,2013,2140992,1125009,1015983,26688,31812,43622,33399,22210,2.5,4.9,17.3,19.2,21.7,14.7,5.3,7.4,7.1,18498,25981,30932,44240,54213,0.525,0.475,1.432,1.306,0.693,0.974,1.159,1.658,2.031,4361333
0400000US22,Louisiana,state,2013,2268505,1183860,1084645,28391,36779,48277,32081,21955,2.6,5.9,16.9,17.3,20.1,14.5,5.6,8.4,8.8,19411,27740,31842,47004,56827,0.522,0.478,1.675,1.505,0.684,0.977,1.122,1.656,2.002,4567968
0400000US23,Maine,state,2013,739430,377873,361557,27636,32552,45096,35429,23575,1.9,3.4,14.3,20.6,23.4,16,5.7,7.6,7.2,20443,26428,31048,41871,53614,0.511,0.489,1.381,1.273,0.74,0.956,1.123,1.515,1.94,1328320
0400000US24,Maryland,state,2013,3267632,1652887,1614745,40331,45611,59601,50101,34855,1.4,2.5,9,12.7,18.4,16.4,7.3,13.5,18.8,23517,33366,42467,59493,81245,0.506,0.494,1.309,1.19,0.583,0.827,1.053,1.475,2.014,5834299
0400000US25,Massachusetts,state,2013,3738553,1900565,1837988,37091,44142,61062,48673,31184,1.2,1.8,8,13,19.5,17,7.7,13.4,18.3,22461,32203,39045,55983,72385,0.508,0.492,1.416,1.255,0.606,0.868,1.053,1.509,1.952,6605058
0400000US26,Michigan,state,2013,4903390,2526738,2376652,27308,33805,50860,38042,22096,2.3,3.8,13.5,16.6,20.3,15.7,6.9,10.6,10.4,17643,25648,31209,48206,67401,0.515,0.485,1.53,1.337,0.646,0.939,1.143,1.765,2.468,9886095
0400000US27,Minnesota,state,2013,3084982,1604103,1480879,32439,39212,51911,41320,27110,1.7,2.8,10.4,16.1,23,16.8,6.8,10.6,11.8,20690,29849,35762,50920,66146,0.52,0.48,1.446,1.256,0.638,0.92,1.102,1.57,2.039,5347740
0400000US28,Mississippi,state,2013,1370983,707974,663009,25707,30924,40742,30604,21359,2.7,6.4,19.8,20.6,21.2,12.8,4.4,6.2,5.9,17938,25071,29394,41133,51820,0.516,0.484,1.448,1.331,0.698,0.975,1.143,1.6,2.016,2976872
0400000US29,Missouri,state,2013,3158778,1625702,1533076,27964,32874,44913,34620,23523,2.3,4.3,15.8,19.6,21.8,14.4,5.5,8,8.3,18767,26721,31437,44126,55999,0.515,0.485,1.398,1.297,0.671,0.956,1.124,1.578,2.003,6007182
0400000US30,Montana,state,2013,556140,294363,261777,25161,30888,43419,31672,20617,3,5.2,16.8,20.4,21.5,13.9,5.7,6.9,6.7,18250,24666,28041,36880,51277,0.529,0.471,1.498,1.371,0.725,0.98,1.114,1.466,2.038,998554
0400000US31,Nebraska,state,2013,1065741,559109,506632,28343,34210,44202,33822,22784,2.5,4.1,15.1,20.3,23.3,14.6,5.2,7.5,7.5,21832,27017,31502,43490,57076,0.525,0.475,1.501,1.307,0.77,0.953,1.111,1.534,2.014,1841625
0400000US32,Nevada,state,2013,1402925,757707,645218,30591,33596,44904,36885,26772,1.9,3.6,14.7,20.2,21.3,14.4,5.9,9.1,8.9,23593,29725,34908,46585,63900,0.54,0.46,1.255,1.217,0.771,0.972,1.141,1.523,2.089,2730066
0400000US33,New Hampshire,state,2013,772828,401637,371191,34415,41968,54723,41861,27799,1.4,2.1,9.5,15.8,22.6,17.1,6.9,10.7,14,25006,32503,37318,50702,64642,0.52,0.48,1.51,1.307,0.727,0.944,1.084,1.473,1.878,1319171
0400000US34,New Jersey,state,2013,4667791,2444036,2223755,39527,47301,61773,48829,32219,1.3,2.7,10.2,12.4,17,15.8,7.1,13.3,20.2,22048,32659,41343,61021,83833,0.524,0.476,1.468,1.265,0.558,0.826,1.046,1.544,2.121,8832406
0400000US35,New Mexico,state,2013,1003701,529509,474192,26337,30948,43254,33884,22253,3,5.8,17.9,17.6,20,13.7,5.3,8.2,8.3,17168,25637,30135,43230,56137,0.528,0.472,1.391,1.277,0.652,0.973,1.144,1.641,2.131,2069706
0400000US36,New York,state,2013,10147538,5226985,4920553,33966,39443,52280,44118,30221,1.8,3.5,12.1,14.8,19.3,15.3,6.5,11.5,15.2,20073,30062,37214,53875,70867,0.515,0.485,1.305,1.185,0.591,0.885,1.096,1.586,2.086,19487053
0400000US37,North Carolina,state,2013,4903464,2547528,2355936,27711,31841,43485,35039,24052,2.1,4.3,16.4,19.9,21.6,13.7,5.1,7.7,9.1,17579,25937,31045,45029,59169,0.52,0.48,1.324,1.241,0.634,0.936,1.12,1.625,2.135,9651380
0400000US38,North Dakota,state,2013,420838,227134,193704,30289,37415,46128,33561,23627,2.3,3.4,14.1,20.3,24.2,14.7,5.2,7.8,7.9,22941,29076,34054,42066,57258,0.54,0.46,1.584,1.374,0.757,0.96,1.124,1.389,1.89,689781
0400000US39,Ohio,state,2013,5994666,3091884,2902782,29104,35214,48262,36823,23625,1.9,3.6,14.1,18,22.1,16,6.4,9,8.9,18797,27427,32330,48549,63292,0.516,0.484,1.491,1.311,0.646,0.942,1.111,1.668,2.175,11549590
0400000US40,Oklahoma,state,2013,1922838,1028572,894266,26955,32361,42628,32028,21894,2.6,5.3,18.4,19.5,21.4,13.4,5,7.2,7.3,19656,26277,31144,42736,53372,0.535,0.465,1.478,1.331,0.729,0.975,1.155,1.585,1.98,3785742
0400000US41,Oregon,state,2013,2022391,1058180,964211,27049,32386,48175,37470,22378,2.3,3.8,14.1,17.4,21.1,15.1,6.3,9.8,10.1,19187,26252,30543,43861,57928,0.523,0.477,1.447,1.286,0.709,0.971,1.129,1.622,2.142,3868721
0400000US42,Pennsylvania,state,2013,6721560,3492251,3229309,31057,37695,50223,38537,25231,1.8,3.1,12.7,17.4,21.9,16.1,6.4,9.6,10.9,21014,29018,34605,49661,66359,0.52,0.48,1.494,1.303,0.677,0.934,1.114,1.599,2.137,12731381
0400000US44,Rhode Island,state,2013,578091,293194,284897,32147,38503,52303,42627,27271,1.7,3,10.6,15.5,21.9,16.1,7.3,11.7,12.2,22126,30532,36723,52875,69453,0.507,0.493,1.412,1.227,0.688,0.95,1.142,1.645,2.16,1051695
0400000US45,South Carolina,state,2013,2322652,1198278,1124374,26808,31716,42899,33067,22495,2.2,4.6,17.5,20.1,22,14,4.9,7.3,7.3,17817,25631,31082,43143,53840,0.516,0.484,1.41,1.297,0.665,0.956,1.159,1.609,2.008,4679602
0400000US46,South Dakota,state,2013,476108,250796,225312,27118,32148,40965,31693,22584,2.6,3.8,17.4,23.1,24.8,12.4,4,5.8,6.1,21086,26698,30860,39496,51719,0.527,0.473,1.423,1.293,0.778,0.985,1.138,1.456,1.907,825198
0400000US47,Tennessee,state,2013,3212124,1675552,1536572,27189,31803,42822,33863,23262,2.2,4.5,17.2,20.2,22.1,13.7,4.9,7.2,8.1,18154,25674,31497,44225,56105,0.522,0.478,1.367,1.265,0.668,0.944,1.158,1.627,2.064,6402387
0400000US48,Texas,state,2013,13047549,7072493,5975056,29182,33810,45268,35989,23844,2.3,5.4,16.9,17,19.2,14,5.4,8.6,11.1,18973,26791,33996,51460,65717,0.542,0.458,1.418,1.258,0.65,0.918,1.165,1.763,2.252,25639373
0400000US49,Utah,state,2013,1443682,796253,647429,26948,36202,50002,34404,19551,2.2,4.1,14,17.3,21.4,15.8,6.1,9.4,9.9,21164,28429,31741,44089,64134,0.552,0.448,1.852,1.453,0.785,1.055,1.178,1.636,2.38,2813673
0400000US50,Vermont,state,2013,373391,191552,181839,29428,33444,46594,38688,25234,2.3,2.9,12,18.8,24.2,17.1,5.8,8.5,8.3,21514,28732,33250,41097,54150,0.513,0.487,1.325,1.204,0.731,0.976,1.13,1.397,1.84,625904
0400000US51,Virginia,state,2013,4460016,2331517,2128499,34503,41453,54154,42363,28435,1.7,3.1,12.2,15.1,19.2,14.4,6.2,11,17.1,21145,29338,36429,55683,79335,0.523,0.477,1.458,1.278,0.613,0.85,1.056,1.614,2.299,8100653
0400000US53,Washington,state,2013,3646183,1952821,1693362,32900,40839,54791,42164,26638,1.7,2.6,11.3,14.8,19.9,16.2,7.1,12,14.4,20821,30768,36596,53044,67443,0.536,0.464,1.533,1.299,0.633,0.935,1.112,1.612,2.05,6819579
0400000US54,West Virginia,state,2013,863948,458209,405739,26529,33087,44535,31000,21197,2.4,5.4,18.6,19.1,20,14.3,5.4,8,7,18942,26404,29727,42342,54410,0.53,0.47,1.561,1.437,0.714,0.995,1.121,1.596,2.051,1853619
0400000US55,Wisconsin,state,2013,3206037,1662963,1543074,30176,35963,47902,37029,24684,2.1,3.2,13,18.4,23.6,16.8,6.3,8.6,8,20549,29013,33426,47206,61322,0.519,0.481,1.457,1.294,0.681,0.961,1.108,1.564,2.032,5706871
0400000US56,Wyoming,state,2013,333352,181787,151565,30701,40667,52933,34563,22823,2.7,3.5,13.5,16.4,19.9,17.1,7.6,11.2,8.1,22041,31542,33914,46332,58587,0.545,0.455,1.782,1.531,0.718,1.027,1.105,1.509,1.908,570134
0400000US72,Puerto Rico,state,2013,1220378,651925,568453,16610,16480,22625,22888,16777,4.4,15.6,35.9,19.2,11.8,5.6,1.9,2.8,2.7,10807,14588,17321,26025,37218,0.534,0.466,0.982,0.989,0.651,0.878,1.043,1.567,2.241,3682966
0500000US01001,"Autauga County, Alabama",county,2013,27494,14504,12990,30868,38889,49743,32592,25257,1.6,4,13.6,22.2,20,16,6.4,8.7,7.5,17946,30157,33225,53248,68125,0.528,0.472,1.54,1.526,0.581,0.977,1.076,1.725,2.207,54907
0500000US01003,"Baldwin County, Alabama",county,2013,93493,50026,43467,26948,34378,46299,32644,21597,2.6,4.9,17.7,16.5,20.5,14.4,5.9,7.8,9.7,17474,25242,30922,46017,55933,0.535,0.465,1.592,1.418,0.648,0.937,1.147,1.708,2.076,187114
0500000US01005,"Barbour County, Alabama",county,2013,11356,5936,5420,21996,26741,37632,27020,18329,3.3,6.3,23.1,22.5,19.2,12.7,4.6,4.9,3.5,20692,21325,24090,41888,50245,0.523,0.477,1.459,1.393,0.941,0.969,1.095,1.904,2.284,27321
0500000US01007,"Bibb County, Alabama",county,2013,9329,5525,3804,23529,29801,38596,27413,16334,3.6,5.9,20.1,22.3,24.6,14.1,1,5.6,2.9,22274,28980,22387,30284,42236,0.592,0.408,1.824,1.408,0.947,1.232,0.951,1.287,1.795,22754
0500000US01009,"Blount County, Alabama",county,2013,26249,14944,11305,30090,33832,42448,32839,23295,2.2,4.6,17,20.9,22.9,16.9,5.8,5.8,4,24870,27541,34660,48681,53664,0.569,0.431,1.452,1.293,0.827,0.915,1.152,1.618,1.783,57623
0500000US01011,"Bullock County, Alabama",county,2013,4537,2590,1947,21709,24475,28990,21614,18344,1.4,13.6,38.3,17,16.7,4.6,0.3,6.7,1.5,17307,25800,32250,42759,19656,0.571,0.429,1.334,1.341,0.797,1.188,1.486,1.97,0.905,10746
1600000US1375580,"Tate City CDP, Georgia",place,2013,0,0,0,0,0,0,0,0,0,0,0,0,0,0,0,0,0,0,0,0,0,0,0,0,0,0,0,0,0,0,0,0
0500000US01013,"Butler County, Alabama",county,2013,8480,4049,4431,24441,29935,39171,26687,19690,3,5.5,24.9,22.7,21.2,12.4,1.5,5.7,3.1,18212,24042,26417,41205,53350,0.477,0.523,1.52,1.468,0.745,0.984,1.081,1.686,2.183,20624
0500000US01015,"Calhoun County, Alabama",county,2013,54330,28639,25691,23991,31579,44682,29647,18413,2.9,5.6,19.7,17.6,21.3,15.6,4.6,7.7,5,16627,25789,30623,42051,49854,0.527,0.473,1.715,1.507,0.693,1.075,1.276,1.753,2.078,117714
0500000US01017,"Chambers County, Alabama",county,2013,14616,7548,7068,25570,29946,39260,30493,23250,3.3,7.6,18.1,22.7,21.9,11.7,5.6,4.5,4.6,21073,22806,29004,48028,56098,0.516,0.484,1.288,1.288,0.824,0.892,1.134,1.878,2.194,34145
0500000US01019,"Cherokee County, Alabama",county,2013,11431,6571,4860,27110,30943,40172,30102,21538,0.9,7.9,21.5,20.5,20.2,12.6,3.8,6.4,6.2,20159,26819,32229,43098,55065,0.575,0.425,1.437,1.335,0.744,0.989,1.189,1.59,2.031,26034
0500000US01021,"Chilton County, Alabama",county,2013,19801,11213,8588,30101,33760,41580,31056,23328,1.6,6.1,18.8,19.8,24.3,12.1,5.1,7.5,4.6,26627,30089,33720,44752,52409,0.566,0.434,1.447,1.339,0.885,1,1.12,1.487,1.741,43744
0500000US01023,"Choctaw County, Alabama",county,2013,5366,2883,2483,25655,40061,51440,26274,19080,1.8,4.9,19.1,18,18.3,17.1,5.3,6.9,8.5,19798,30226,23428,41505,44083,0.537,0.463,2.1,1.958,0.772,1.178,0.913,1.618,1.718,13687
0500000US01025,"Clarke County, Alabama",county,2013,9439,4698,4741,27557,41081,45564,25446,19972,6.9,5.3,20.8,17,18.3,13.3,7.5,6.6,4.3,18847,25248,33441,43977,50617,0.498,0.502,2.057,1.791,0.684,0.916,1.214,1.596,1.837,25573
0500000US01027,"Clay County, Alabama",county,2013,5943,3138,2805,24940,29063,36837,29590,21012,2,4.4,25.9,21.1,22.7,11.6,2,6.1,4.2,21742,26406,27558,35000,48289,0.528,0.472,1.383,1.245,0.872,1.059,1.105,1.403,1.936,13703
0500000US01029,"Cleburne County, Alabama",county,2013,6391,3597,2794,27474,32478,41651,29593,22014,2.2,9.1,18.2,22.1,21.4,13,6.2,5.4,2.5,24233,25868,33774,52556,55658,0.563,0.437,1.475,1.407,0.882,0.942,1.229,1.913,2.026,14945
0500000US01031,"Coffee County, Alabama",county,2013,23793,13234,10559,27562,36744,47500,29715,20558,2.7,4.4,17.8,19.4,18.8,12.5,7,10.6,6.8,18780,24149,31540,44795,58097,0.556,0.444,1.787,1.599,0.681,0.876,1.144,1.625,2.108,50468
0500000US01033,"Colbert County, Alabama",county,2013,24731,13437,11294,26303,32711,45162,31230,20895,2.2,4.5,18.9,19.2,20.6,15.7,6,7.8,5,17717,26064,30383,46724,58864,0.543,0.457,1.565,1.446,0.674,0.991,1.155,1.776,2.238,54456
0500000US01035,"Conecuh County, Alabama",county,2013,4354,2227,2127,21372,30100,38626,22381,17906,6.7,10.2,23.9,13.8,18.2,17.3,3,3.4,3.6,19028,22414,19548,50547,57716,0.511,0.489,1.681,1.726,0.89,1.049,0.915,2.365,2.701,13104
0500000US01037,"Coosa County, Alabama",county,2013,5047,2800,2247,24573,29278,36436,27191,18971,2.2,4.7,22.3,25.7,23.3,12,4.4,4.4,1,17500,24231,30024,36250,65536,0.555,0.445,1.543,1.34,0.712,0.986,1.222,1.475,2.667,11198
0500000US01039,"Covington County, Alabama",county,2013,17110,8994,8116,23707,28615,35922,27311,18676,2.6,6.1,23.8,22.6,20.4,10.4,3.5,4.6,5.9,17500,23818,27364,40294,54050,0.526,0.474,1.532,1.315,0.738,1.005,1.154,1.7,2.28,37847
0500000US01041,"Crenshaw County, Alabama",county,2013,6341,3425,2916,26165,30822,37548,27232,19821,3.7,5.2,20.9,25.5,17.5,10,6.9,4.3,6.1,22000,26793,30575,41563,39605,0.54,0.46,1.555,1.379,0.841,1.024,1.169,1.588,1.514,13955
0500000US01043,"Cullman County, Alabama",county,2013,37218,20535,16683,26290,30636,39134,31754,22278,2.3,5.7,17.2,22.5,23.6,13.2,4.7,6,4.8,18536,27327,31243,41186,54355,0.552,0.448,1.375,1.232,0.705,1.039,1.188,1.567,2.068,80499
0500000US01045,"Dale County, Alabama",county,2013,24800,13594,11206,26724,33171,43226,30539,21150,2.6,5.8,18,20.2,21.6,14,6.3,7.3,4.2,18258,23790,33353,46588,50938,0.548,0.452,1.568,1.415,0.683,0.89,1.248,1.743,1.906,50102
0500000US01047,"Dallas County, Alabama",county,2013,16599,8358,8241,21133,28267,37407,28551,17523,3,8.3,20.7,21.3,20.6,12.2,5.4,4.8,3.7,16968,21668,25870,31136,52159,0.504,0.496,1.613,1.31,0.803,1.025,1.224,1.473,2.468,43091
0500000US01049,"DeKalb County, Alabama",county,2013,30934,17079,13855,24214,28531,35302,25621,19830,3.1,5.8,26,22.7,20.8,11.3,2.6,4.5,3.3,18782,25957,28895,40636,50353,0.552,0.448,1.439,1.378,0.776,1.072,1.193,1.678,2.079,71076
0500000US01051,"Elmore County, Alabama",county,2013,39255,19435,19820,30968,39939,49586,36196,23817,1.9,3.6,15,16.8,23.9,18.4,5.2,8.5,6.7,20328,29326,32593,50918,53386,0.495,0.505,1.677,1.37,0.656,0.947,1.052,1.644,1.724,79895
0500000US01053,"Escambia County, Alabama",county,2013,13959,7575,6384,25150,30659,37991,26162,20049,2.3,8.1,22.8,23.2,17.6,13.9,2.9,5.4,3.9,15712,23497,29371,34357,55377,0.543,0.457,1.529,1.452,0.625,0.934,1.168,1.366,2.202,38169
0500000US01055,"Etowah County, Alabama",county,2013,46086,24240,21846,25129,30377,43053,31651,19941,2.1,5.6,19.8,19.4,20.9,15.9,6.1,6.1,4.2,19885,23846,28870,42280,53036,0.526,0.474,1.523,1.36,0.791,0.949,1.149,1.683,2.111,104260
0500000US01057,"Fayette County, Alabama",county,2013,7098,3703,3395,22216,30715,40030,25676,16917,2.7,6.2,22.8,19.7,20.7,10.7,5.3,7.1,4.8,14750,28825,22438,42188,40179,0.522,0.478,1.816,1.559,0.664,1.297,1.01,1.899,1.809,17110
1600000US0244580,"Livengood CDP, Alaska",place,2013,23,19,4,12344,13125,53438,0,0,0,0,0,0,20,80,0,0,0,0,0,11875,0,0,0.826,0.174,0,0,0,0,0.962,0,0,29
0500000US01059,"Franklin County, Alabama",county,2013,13909,7894,6015,24881,29868,34676,26182,20180,2.7,7.2,25.9,21.2,18.8,10.7,4.8,4.9,3.8,20883,26830,31172,41383,53111,0.568,0.432,1.48,1.324,0.839,1.078,1.253,1.663,2.135,31666
0500000US01061,"Geneva County, Alabama",county,2013,12444,6848,5596,23969,26309,36913,27469,21371,2.8,7.7,20.4,21.9,21.6,13.5,3.2,5.9,3,17729,24778,29796,37059,51895,0.55,0.45,1.231,1.344,0.74,1.034,1.243,1.546,2.165,26791
0500000US01063,"Greene County, Alabama",county,2013,3007,1453,1554,19917,20591,28750,26353,18899,1.2,8.3,32.8,22.3,17.5,5.4,3.1,5.7,3.7,15508,18957,22825,42383,54911,0.483,0.517,1.09,1.091,0.779,0.952,1.146,2.128,2.757,8934
0500000US01065,"Hale County, Alabama",county,2013,6409,3214,3195,22045,23772,36556,31045,20605,3.4,5,21.1,23.3,21.4,11.9,3.4,5.9,4.7,14693,21250,30797,36648,51667,0.501,0.499,1.154,1.178,0.667,0.964,1.397,1.662,2.344,15594
0500000US01067,"Henry County, Alabama",county,2013,7912,4091,3821,26614,33150,42098,27864,21910,3.8,7.9,17.9,18.5,22.2,11.9,7.2,5,5.7,20880,26366,30404,54750,56875,0.517,0.483,1.513,1.511,0.785,0.991,1.142,2.057,2.137,17308
0500000US01069,"Houston County, Alabama",county,2013,49765,25439,24326,26269,32837,42796,30326,21162,2.8,6.1,19.1,20.1,19.6,14.4,4.6,6.6,6.9,17005,23947,30484,47294,55408,0.511,0.489,1.552,1.411,0.647,0.912,1.16,1.8,2.109,102326
0500000US01071,"Jackson County, Alabama",county,2013,24097,13156,10941,25174,30335,37430,26173,20879,2,4.6,26.1,22.3,19.7,12.8,3.1,4.8,4.5,22271,25130,28895,48956,53012,0.546,0.454,1.453,1.43,0.885,0.998,1.148,1.945,2.106,53171
0500000US01073,"Jefferson County, Alabama",county,2013,329362,165037,164325,30199,34670,47980,37546,25913,2.3,4.2,15.1,17.4,21.8,15.5,5.6,8.2,9.9,17103,25607,31804,47173,58174,0.501,0.499,1.338,1.278,0.566,0.848,1.053,1.562,1.926,658552
0500000US01075,"Lamar County, Alabama",county,2013,6451,3439,3012,25761,30631,38056,32426,18867,3.7,6.5,16,23.5,23.9,15.7,5.3,2.5,2.9,23315,25683,26371,49282,48839,0.533,0.467,1.624,1.174,0.905,0.997,1.024,1.913,1.896,14396
0500000US01077,"Lauderdale County, Alabama",county,2013,44954,23555,21399,25636,33010,44948,30824,19389,1.9,4.4,18.8,20.1,20.2,13.6,5.7,7.7,7.6,19385,26623,31572,40169,52253,0.524,0.476,1.703,1.458,0.756,1.039,1.232,1.567,2.038,92666
0500000US01079,"Lawrence County, Alabama",county,2013,15212,8450,6762,27071,36780,47998,29316,18175,3,3.6,17.7,16.2,25.9,14.7,7.3,7.3,4.5,19292,29969,31329,44715,49125,0.555,0.445,2.024,1.637,0.713,1.107,1.157,1.652,1.815,34009
0500000US01081,"Lee County, Alabama",county,2013,79577,42532,37045,22513,26814,43516,36348,18752,2.5,4.9,16.1,17.3,22.2,15.4,5.9,7,8.7,18481,26259,31143,42665,54440,0.534,0.466,1.43,1.197,0.821,1.166,1.383,1.895,2.418,144405
0500000US01083,"Limestone County, Alabama",county,2013,41159,22213,18946,29654,35677,47225,34354,22117,2,3.9,16.8,18.1,21,12.2,4.7,9.6,11.9,19791,26168,32644,50802,64113,0.54,0.46,1.613,1.375,0.667,0.882,1.101,1.713,2.162,85264
0500000US01085,"Lowndes County, Alabama",county,2013,4314,2004,2310,22218,28750,42393,23947,18903,3.4,5.6,27.8,17.7,21,7.5,2.7,10.2,4.1,18571,24206,23900,40048,48125,0.465,0.535,1.521,1.77,0.836,1.089,1.076,1.803,2.166,11086
0500000US01087,"Macon County, Alabama",county,2013,9562,4325,5237,20510,23244,35298,27963,17495,4.3,7.5,22.7,22,21.8,11.8,3,4.4,2.5,19173,23970,25453,40313,48871,0.452,0.548,1.329,1.262,0.935,1.169,1.241,1.966,2.383,20803
0500000US01089,"Madison County, Alabama",county,2013,181258,96187,85071,31761,41052,57066,39190,25382,2,4.2,13.6,15.5,16.5,13.9,5.7,11.1,17.4,17371,25824,32047,57686,76706,0.531,0.469,1.617,1.456,0.547,0.813,1.009,1.816,2.415,339279
0500000US01091,"Marengo County, Alabama",county,2013,8305,4088,4217,26187,35600,45875,28571,19575,2.8,6.9,22.1,18.4,15.7,16,4.1,8.2,5.7,21197,21081,32364,44556,51389,0.492,0.508,1.819,1.606,0.809,0.805,1.236,1.701,1.962,20669
0500000US01093,"Marion County, Alabama",county,2013,13419,7151,6268,22456,26499,36875,30406,18840,2.5,5.9,22.6,20.8,22.2,10,3.5,7.1,5.5,15772,23496,27051,42222,49759,0.533,0.467,1.407,1.213,0.702,1.046,1.205,1.88,2.216,30615
0500000US01095,"Marshall County, Alabama",county,2013,43041,23806,19235,23686,27122,36941,30494,20752,2.3,5,25.8,18.8,20.7,11.2,4.8,5.5,5.9,17116,24624,30835,44927,56734,0.553,0.447,1.307,1.211,0.723,1.04,1.302,1.897,2.395,93699
0500000US01097,"Mobile County, Alabama",county,2013,195277,99839,95438,26884,34391,44929,31193,21352,2.4,5.5,17.5,19.6,21.6,15,4.8,6.8,6.9,18837,27094,30383,43066,52596,0.511,0.489,1.611,1.44,0.701,1.008,1.13,1.602,1.956,413188
0500000US01099,"Monroe County, Alabama",county,2013,7980,4251,3729,24511,30677,38493,25808,19862,2.5,8.3,22.8,22,20.8,9.5,5.9,4.6,3.5,15803,24736,28240,43148,55877,0.533,0.467,1.545,1.492,0.645,1.009,1.152,1.76,2.28,22778
0500000US01101,"Montgomery County, Alabama",county,2013,115361,56706,58655,26887,31763,43983,34610,23482,2.2,5.1,16.9,18.7,22.2,13.6,5.4,7.7,8.3,15048,24101,29336,45456,56397,0.492,0.508,1.353,1.271,0.56,0.896,1.091,1.691,2.098,228980
0500000US01103,"Morgan County, Alabama",county,2013,60196,32210,27986,25244,31730,44623,30458,20752,2.2,5.2,21.8,17.4,19.1,12.6,6.2,8.2,7.4,19063,25466,30418,47026,55712,0.535,0.465,1.529,1.465,0.755,1.009,1.205,1.863,2.207,119673
1600000US0245020,"Loring CDP, Alaska",place,2013,0,0,0,0,0,0,0,0,0,0,0,0,0,0,0,0,0,0,0,0,0,0,0,0,0,0,0,0,0,0,0,0
0500000US01105,"Perry County, Alabama",county,2013,3559,1707,1852,20176,23338,28500,26875,17699,3.7,6.3,31.6,27.1,14.6,8.3,0.5,3.4,4.3,18594,19712,29050,30100,40083,0.48,0.52,1.319,1.06,0.922,0.977,1.44,1.492,1.987,10390
0500000US01107,"Pickens County, Alabama",county,2013,7866,4012,3854,22455,29068,37865,28689,19143,2.7,5.3,25.1,22.1,21.2,13.2,2.3,6.1,1.9,17900,23598,28026,32917,50852,0.51,0.49,1.518,1.32,0.797,1.051,1.248,1.466,2.265,19516
0500000US01109,"Pike County, Alabama",county,2013,16601,8359,8242,22469,27639,37999,29093,17685,2.3,4.6,23.7,22,20.9,12.1,4,5.5,4.9,21326,27069,29703,40517,52477,0.504,0.496,1.563,1.306,0.949,1.205,1.322,1.803,2.336,32977
0500000US01111,"Randolph County, Alabama",county,2013,9551,5127,4424,26171,28152,36155,30082,21965,2,7.3,18.9,27.6,20,13.2,4.2,4.3,2.4,22958,25390,32800,40542,51699,0.537,0.463,1.282,1.202,0.877,0.97,1.253,1.549,1.975,22819
0500000US01113,"Russell County, Alabama",county,2013,25841,13180,12661,26494,31840,41016,30403,22029,1.9,6,18.8,22.7,22.9,15.2,4.6,5.4,2.5,18342,25806,31138,42924,52673,0.51,0.49,1.445,1.349,0.692,0.974,1.175,1.62,1.988,55544
0500000US01115,"St. Clair County, Alabama",county,2013,39657,21636,18021,32144,38528,47490,37825,24792,2.1,3.6,13.6,16.8,23.4,18.6,6.1,8.9,7,20698,32740,37366,48889,59444,0.546,0.454,1.554,1.256,0.644,1.019,1.162,1.521,1.849,84521
0500000US01117,"Shelby County, Alabama",county,2013,108655,57693,50962,36976,48471,59107,42168,28914,1.3,2.6,11.3,14.1,18.8,16.1,7.7,12.1,15.9,20318,29728,38627,54431,63407,0.531,0.469,1.676,1.402,0.549,0.804,1.045,1.472,1.715,198366
0500000US01119,"Sumter County, Alabama",county,2013,5486,2616,2870,16793,25046,35289,27146,14386,3.7,8.6,20.5,20.5,24.3,12.2,3.5,4.9,1.8,24135,18464,15853,42338,42986,0.477,0.523,1.741,1.3,1.437,1.1,0.944,2.521,2.56,13552
0500000US01121,"Talladega County, Alabama",county,2013,37180,19643,17537,23392,29529,41120,30084,18522,3.3,5.9,19.6,20.5,20.1,13,6.6,5.8,5.2,18841,24757,28170,39705,55254,0.528,0.472,1.594,1.367,0.805,1.058,1.204,1.697,2.362,81845
0500000US01123,"Tallapoosa County, Alabama",county,2013,18528,9605,8923,25800,27362,36523,31440,24090,2.5,6.7,20.9,22.4,18.1,14.5,5.1,5.1,4.7,21766,24059,30761,43259,53879,0.518,0.482,1.136,1.162,0.844,0.933,1.192,1.677,2.088,41428
0500000US01125,"Tuscaloosa County, Alabama",county,2013,100555,52107,48448,24582,30201,43455,33270,20321,1.7,5.6,18.6,19,20.4,15.2,4.6,7.8,7.1,17437,27238,31949,42285,52587,0.518,0.482,1.486,1.306,0.709,1.108,1.3,1.72,2.139,196824
0500000US01127,"Walker County, Alabama",county,2013,28295,15280,13015,24119,32115,44861,30030,19106,2.6,5.5,20.7,16.9,19.6,16.4,6.7,6.6,5,20938,25951,30748,41309,56553,0.54,0.46,1.681,1.494,0.868,1.076,1.275,1.713,2.345,66622
0500000US01129,"Washington County, Alabama",county,2013,7210,4105,3105,27229,39701,51800,29879,20282,2,4,15.9,17.3,19.9,14.3,10.1,11.6,4.8,24441,30019,30469,39148,55278,0.569,0.431,1.957,1.734,0.898,1.102,1.119,1.438,2.03,17284
0500000US01131,"Wilcox County, Alabama",county,2013,3142,1568,1574,22637,26389,35864,27237,20265,3.6,7.3,18.7,25.3,17.9,8.8,1.5,12.6,4.3,13490,26309,20433,43598,37857,0.499,0.501,1.302,1.317,0.596,1.162,0.903,1.926,1.672,11531
0500000US01133,"Winston County, Alabama",county,2013,10570,5851,4719,21599,25653,37083,26682,18010,2.9,6.3,27.2,19.2,17.8,11.6,4.9,5.2,4.9,16478,21093,28477,47194,51731,0.554,0.446,1.424,1.39,0.763,0.977,1.318,2.185,2.395,24342
0500000US02013,"Aleutians East Borough, Alaska",county,2013,2759,2103,656,21727,22109,28056,24583,20941,8.1,8.4,26.7,19.9,16.4,9.7,5.2,3.1,2.5,22969,21300,28929,24211,73250,0.762,0.238,1.056,1.141,1.057,0.98,1.331,1.114,3.371,3141
0500000US02016,"Aleutians West Census Area, Alaska",county,2013,4231,3013,1218,26564,26403,31972,32370,26775,4.7,8,21.2,17.8,15.4,12.3,4.6,7.7,8.2,21622,25815,35094,37083,70625,0.712,0.288,0.986,0.988,0.814,0.972,1.321,1.396,2.659,5538
0500000US02020,"Anchorage Municipality, Alaska",county,2013,177064,94460,82604,38917,44811,58000,44611,32400,1.5,2,10,14.5,20.3,16.5,7.6,12.8,14.8,26173,32398,43034,55519,74362,0.533,0.467,1.383,1.3,0.673,0.832,1.106,1.427,1.911,295237
0500000US02050,"Bethel Census Area, Alaska",county,2013,8539,4667,3872,19304,18793,51343,43973,20099,1.4,4.9,11.9,14.6,21,14.1,4.3,18.1,9.7,11513,18663,33886,73833,76442,0.547,0.453,0.935,1.168,0.596,0.967,1.755,3.825,3.96,17356
0500000US02060,"Bristol Bay Borough, Alaska",county,2013,623,354,269,46908,55556,64219,48229,38393,0.5,1.9,6.6,5.6,25.9,24.1,10.3,17.7,7.4,20000,43462,53533,52813,61339,0.568,0.432,1.447,1.332,0.426,0.927,1.141,1.126,1.308,933
0500000US02068,"Denali Borough, Alaska",county,2013,1364,700,664,32500,52885,70565,42361,20625,4.9,4.3,9.3,12,14.2,13.6,9.2,19.3,13.2,9643,48583,47500,31458,60156,0.513,0.487,2.564,1.666,0.297,1.495,1.462,0.968,1.851,2020
0500000US02070,"Dillingham Census Area, Alaska",county,2013,2573,1392,1181,21728,19180,51685,50306,25949,3.2,3.5,10.6,14.7,15.5,22.1,9.6,12.6,8,9821,19306,30506,50217,65625,0.541,0.459,0.739,1.027,0.452,0.889,1.404,2.311,3.02,4923
0500000US02090,"Fairbanks North Star Borough, Alaska",county,2013,59625,33794,25831,34492,42266,54754,42155,27430,1.1,2,11.1,15.5,20.3,17.2,8.7,14.4,9.8,28358,35249,41508,50120,66370,0.567,0.433,1.541,1.299,0.822,1.022,1.203,1.453,1.924,98656
1600000US0245295,"Lowell Point CDP, Alaska",place,2013,64,33,31,0,0,0,0,0,0,0,0,0,100,0,0,0,0,0,0,0,0,0,0.516,0.484,0,0,0,0,0,0,0,64
0500000US02100,"Haines Borough, Alaska",county,2013,1608,934,674,27005,33667,39943,31212,24423,5.1,9.2,17.5,12.6,25.7,10.2,3.8,8.2,7.8,0,27275,31364,26154,36250,0.581,0.419,1.378,1.28,0,1.01,1.161,0.968,1.342,2546
0500000US02105,"Hoonah-Angoon Census Area, Alaska",county,2013,1293,713,580,24639,27477,60625,40729,17181,2.8,0.4,10.5,16,22.2,14.3,9.4,14.7,9.6,16250,25119,26296,26979,56250,0.551,0.449,1.599,1.488,0.66,1.019,1.067,1.095,2.283,2141
0500000US02110,"Juneau City and Borough, Alaska",county,2013,20061,10722,9339,40267,45483,62363,45795,34905,1.2,1.6,7,13.1,22.5,16.6,8.4,17.5,12,23819,36097,40280,50122,72486,0.534,0.466,1.303,1.362,0.592,0.896,1,1.245,1.8,31897
0500000US02122,"Kenai Peninsula Borough, Alaska",county,2013,30967,17469,13498,32193,44165,60115,38820,24094,2,2.9,9.9,16.1,18.6,19.2,7,12.4,12.1,23093,36542,35668,46088,59671,0.564,0.436,1.833,1.549,0.717,1.135,1.108,1.432,1.854,56163
0500000US02130,"Ketchikan Gateway Borough, Alaska",county,2013,8209,4452,3757,34640,41394,53779,40106,31417,2.8,1.8,9.3,14.9,26.4,18.2,7,11.9,7.7,30522,33333,35250,45300,65250,0.542,0.458,1.318,1.341,0.881,0.962,1.018,1.308,1.884,13595
0500000US02150,"Kodiak Island Borough, Alaska",county,2013,8559,4877,3682,26938,35279,50304,36787,20808,7.3,3.4,12.4,16.5,16.5,18,10.7,9.1,6.2,18375,26014,35218,38452,72889,0.57,0.43,1.695,1.367,0.682,0.966,1.307,1.427,2.706,13850
0500000US02164,"Lake and Peninsula Borough, Alaska",county,2013,856,431,425,20817,26875,49375,33571,16250,0.4,5.8,24,13.5,16.4,12.4,8,14.2,5.5,12159,19375,25208,48750,73125,0.504,0.496,1.654,1.471,0.584,0.931,1.211,2.342,3.513,1454
0500000US02170,"Matanuska-Susitna Borough, Alaska",county,2013,47163,26507,20656,36793,48212,62119,43859,25938,1.6,3.6,8.4,12.2,18.6,19,8.3,15.4,12.9,24291,40722,41481,53932,65543,0.562,0.438,1.859,1.416,0.66,1.107,1.127,1.466,1.781,91519
0500000US02180,"Nome Census Area, Alaska",county,2013,4940,2789,2151,22992,20934,53857,48872,25033,1.4,2.9,11.2,12.3,20.5,18.2,8.5,14.9,10,12727,19031,38421,63571,76310,0.565,0.435,0.836,1.102,0.554,0.828,1.671,2.765,3.319,9695
0500000US02185,"North Slope Borough, Alaska",county,2013,6120,4134,1986,51288,67092,75278,51636,31556,0.9,2.1,4.4,11.8,14.3,17.2,7.7,17,24.5,28125,50969,66035,91364,82098,0.675,0.325,2.126,1.458,0.548,0.994,1.288,1.781,1.601,9484
0500000US02188,"Northwest Arctic Borough, Alaska",county,2013,3712,2157,1555,23614,24639,62601,51573,22409,1.6,2.7,7.8,12.5,16.4,21.9,7.7,15.4,14,9722,21875,43250,75260,82750,0.581,0.419,1.1,1.214,0.412,0.926,1.832,3.187,3.504,7624
0500000US02195,"Petersburg Census Area, Alaska",county,2013,2502,1389,1113,28962,39375,58447,34750,22542,2.7,3.2,15.1,15.3,14.2,21.8,7.6,15.2,4.9,20673,36417,29464,45000,50000,0.555,0.445,1.747,1.682,0.714,1.257,1.017,1.554,1.726,3806
0500000US02198,"Prince of Wales-Hyder Census Area, Alaska",county,2013,3178,1880,1298,25385,32917,53472,37281,17545,2.6,5.4,9,16.1,20.4,18.3,9.2,10.5,8.5,14500,23017,31281,57750,61000,0.592,0.408,1.876,1.434,0.571,0.907,1.232,2.275,2.403,5672
0500000US02220,"Sitka City and Borough, Alaska",county,2013,5496,2900,2596,33766,43634,58929,38450,30251,1.3,4.9,10.7,18.1,19.2,17.7,5.6,15,7.6,23972,33140,37188,49706,59643,0.528,0.472,1.442,1.533,0.71,0.981,1.101,1.472,1.766,8945
0500000US02230,"Skagway Municipality, Alaska",county,2013,818,455,363,31556,38042,39769,45500,25375,2.4,2.7,13,20.5,21,16.1,6,10.4,8,13854,31563,32019,45833,47500,0.556,0.444,1.499,0.874,0.439,1,1.015,1.452,1.505,1080
0500000US02240,"Southeast Fairbanks Census Area, Alaska",county,2013,3774,2242,1532,35347,47627,61905,36984,23367,4.1,2.9,11.8,11.9,18.9,14.9,7.5,11.6,16.4,30714,26676,42269,49861,71042,0.594,0.406,2.038,1.674,0.869,0.755,1.196,1.411,2.01,7047
0500000US02261,"Valdez-Cordova Census Area, Alaska",county,2013,5768,3369,2399,34850,43406,65093,41307,26370,0.7,3.3,3.7,15,24.7,14,8,15.9,14.7,22852,40104,40167,46250,66538,0.584,0.416,1.646,1.576,0.656,1.151,1.153,1.327,1.909,9682
0500000US02270,"Wade Hampton Census Area, Alaska",county,2013,3284,1873,1411,12637,12252,35492,37708,13180,3.1,6.9,17.9,19,25.2,18.2,3.9,3.9,1.9,8438,14074,22337,50417,63250,0.57,0.43,0.93,0.941,0.668,1.114,1.768,3.99,5.005,7678
0500000US02275,"Wrangell City and Borough, Alaska",county,2013,1322,701,621,29044,32219,46364,31413,26772,0.8,9.2,10.8,24,24.3,8.9,2.7,11.7,7.6,43333,30769,31020,31167,95375,0.53,0.47,1.203,1.476,1.492,1.059,1.068,1.073,3.284,2371
0500000US02282,"Yakutat City and Borough, Alaska",county,2013,427,261,166,36125,34125,60357,44896,37500,1.3,0.4,14.4,8.7,21.8,22.7,6.1,18.3,6.1,15536,19167,49167,43667,66875,0.611,0.389,0.91,1.344,0.43,0.531,1.361,1.209,1.851,607
0500000US02290,"Yukon-Koyukuk Census Area, Alaska",county,2013,3076,1714,1362,17004,17788,50093,36250,16360,2.8,5.1,12.2,18.2,21.5,17,7.7,9.7,5.8,11012,15332,27059,49318,56750,0.557,0.443,1.087,1.382,0.648,0.902,1.591,2.9,3.337,5656
0500000US04001,"Apache County, Arizona",county,2013,22712,11042,11670,23647,25708,38947,31968,22007,3.5,8,18.7,20.5,23.2,12.7,4.9,5,3.5,16099,20787,28581,41488,50162,0.486,0.514,1.168,1.218,0.681,0.879,1.209,1.754,2.121,71978
0500000US04003,"Cochise County, Arizona",county,2013,62942,35134,27808,24831,27219,43073,33450,22000,5.3,5.4,16.8,18,19,12.5,5.5,10.1,7.4,13231,21457,31080,44055,51535,0.558,0.442,1.237,1.288,0.533,0.864,1.252,1.774,2.075,131038
8600000US10119,10119 ZIP Code,zip_code,2013,0,0,0,0,0,0,0,0,0,0,0,0,0,0,0,0,0,0,0,0,0,0,0,0,0,0,0,0,0,0,0,0
0500000US04005,"Coconino County, Arizona",county,2013,75437,38651,36786,22378,26240,42768,35635,20120,3.4,5.9,15.1,17.8,22.8,14.1,4.8,8.1,8,18549,26619,30371,38371,54617,0.512,0.488,1.304,1.2,0.829,1.19,1.357,1.715,2.441,134795
0500000US04007,"Gila County, Arizona",county,2013,20977,11030,9947,25270,32044,45618,30731,21117,2.3,4.7,19.7,18.7,20.7,17,6.4,5.7,4.7,20521,25342,31075,31903,41205,0.526,0.474,1.517,1.484,0.812,1.003,1.23,1.262,1.631,53335
0500000US04009,"Graham County, Arizona",county,2013,14680,8048,6632,27125,36024,47199,35119,19048,2.5,6,12.9,14.2,27.7,16.3,7.7,9.6,3.1,20821,29302,34162,36833,55108,0.548,0.452,1.891,1.344,0.768,1.08,1.259,1.358,2.032,37168
0500000US04011,"Greenlee County, Arizona",county,2013,3675,2292,1383,35625,44543,56217,36055,23451,1.6,1.8,8.6,15.8,18.5,29.6,7,12.8,4.4,27333,36948,40021,42600,75368,0.624,0.376,1.899,1.559,0.767,1.037,1.123,1.196,2.116,8679
0500000US04012,"La Paz County, Arizona",county,2013,7560,4028,3532,24350,30209,34093,27000,19032,1.7,4.1,26.3,28.4,15.9,11.9,4.5,3,4.3,20800,23880,30132,44967,52647,0.533,0.467,1.587,1.263,0.854,0.981,1.237,1.847,2.162,20408
0500000US04013,"Maricopa County, Arizona",county,2013,1936840,1039157,897683,31651,35687,47588,39459,27791,1.9,4.1,13.7,16.9,21.8,14.6,5.8,9.5,11.7,20244,27991,35935,51454,64799,0.537,0.463,1.284,1.206,0.64,0.884,1.135,1.626,2.047,3889161
0500000US04015,"Mohave County, Arizona",county,2013,81193,41667,39526,22259,26782,39427,29937,19070,2.5,7.1,19.5,21.8,21.6,11.4,4.1,6.2,5.9,15974,22054,26583,37530,48505,0.513,0.487,1.404,1.317,0.718,0.991,1.194,1.686,2.179,201680
0500000US04017,"Navajo County, Arizona",county,2013,38845,20401,18444,22903,26692,41614,31922,18974,4.1,6.5,17.2,19.9,19.8,15.5,5.4,5.4,6.3,18095,22222,26731,42119,52764,0.525,0.475,1.407,1.304,0.79,0.97,1.167,1.839,2.304,107326
0500000US04019,"Pima County, Arizona",county,2013,480954,254184,226770,26132,30359,44103,35121,22446,2.2,4.2,16.7,19.1,20.7,13.6,5.3,8.9,9.2,17437,24478,31138,43332,55313,0.528,0.472,1.353,1.256,0.667,0.937,1.192,1.658,2.117,986891
0500000US04021,"Pinal County, Arizona",county,2013,154960,85894,69066,30836,34388,44668,36402,25421,1.7,3.5,14.5,18.9,25.4,15.6,5.7,8,6.6,20660,30618,35730,44739,50698,0.554,0.446,1.353,1.227,0.67,0.993,1.159,1.451,1.644,379128
0500000US04023,"Santa Cruz County, Arizona",county,2013,19819,10998,8821,22010,26988,38431,27280,18382,1.7,9,22.8,20.1,19.9,9.6,3.6,6.5,6.7,14282,21222,29596,45342,41516,0.555,0.445,1.468,1.409,0.649,0.964,1.345,2.06,1.886,47122
0500000US04025,"Yavapai County, Arizona",county,2013,96917,50229,46688,22997,26704,40861,33699,20296,2.6,5.1,16.6,21.9,22.3,11.9,4.8,8.5,6.4,16217,22653,27320,36537,39535,0.518,0.482,1.316,1.213,0.705,0.985,1.188,1.589,1.719,211968
0500000US04027,"Yuma County, Arizona",county,2013,87883,49438,38445,22198,26482,37657,30000,17000,2.1,5.8,22.7,20.2,20.4,12.8,4.2,6.9,5,15263,22233,30958,40604,56607,0.563,0.437,1.558,1.255,0.688,1.002,1.395,1.829,2.55,199026
0500000US05001,"Arkansas County, Arkansas",county,2013,9855,5105,4750,24381,31387,36950,26472,19307,3.4,5.9,25.2,19.6,21,10.7,3.8,4.2,6.2,21000,25606,26548,46635,50500,0.518,0.482,1.626,1.396,0.861,1.05,1.089,1.913,2.071,18957
0500000US05003,"Ashley County, Arkansas",county,2013,9460,5080,4380,25769,35000,47750,24587,17940,2.1,8.3,21.1,17.7,17.5,14,8.4,5.6,5.4,18991,27395,27388,41341,46154,0.537,0.463,1.951,1.942,0.737,1.063,1.063,1.604,1.791,21645
0500000US05005,"Baxter County, Arkansas",county,2013,17361,8474,8887,21753,24978,33185,28522,20076,2,7.1,25.4,26.5,18.5,9.1,3.6,3.6,4.2,15289,20499,25950,31299,56500,0.488,0.512,1.244,1.163,0.703,0.942,1.193,1.439,2.597,41281
0500000US05007,"Benton County, Arkansas",county,2013,112371,61339,51032,31247,36307,44058,33677,26581,1.4,3.4,18.1,19.9,20.2,12.2,4.8,8,11.9,22496,28164,33732,53395,64363,0.546,0.454,1.366,1.308,0.72,0.901,1.08,1.709,2.06,227439
0500000US05009,"Boone County, Arkansas",county,2013,17321,9249,8072,22485,27974,36623,26586,19251,2.8,4.3,25.7,22,19.8,11.8,2.7,4.8,6.2,17125,22621,26222,40944,63906,0.534,0.466,1.453,1.378,0.762,1.006,1.166,1.821,2.842,37099
0500000US05011,"Bradley County, Arkansas",county,2013,5009,2652,2357,23720,29983,36458,26845,16577,5.1,6.4,22.9,22.4,21.5,8.2,4.6,3,5.8,18204,23168,31655,42625,52386,0.529,0.471,1.809,1.358,0.767,0.977,1.335,1.797,2.209,11418
0500000US05013,"Calhoun County, Arkansas",county,2013,2577,1445,1132,23369,25685,30932,25762,21475,2,8,27.3,28.9,16.2,9,4,2.2,2.5,22067,21756,25357,40714,47368,0.561,0.439,1.196,1.201,0.944,0.931,1.085,1.742,2.027,5319
0500000US05015,"Carroll County, Arkansas",county,2013,13345,7240,6105,22663,24764,30960,24487,20046,2.3,6.4,33.4,22.4,18.1,6.2,2.4,3.9,5,21702,21958,24435,31222,45098,0.543,0.457,1.235,1.264,0.958,0.969,1.078,1.378,1.99,27531
0500000US05017,"Chicot County, Arkansas",county,2013,4142,2059,2083,21382,26222,35438,24125,18648,5.6,4.9,30.7,17.8,19.6,12.1,3.4,1.4,4.5,16932,20778,25975,34688,69583,0.497,0.503,1.406,1.469,0.792,0.972,1.215,1.622,3.254,11621
0500000US05019,"Clark County, Arkansas",county,2013,12195,6176,6019,16463,20737,38998,27465,12491,4,5.3,23.1,17.8,25.1,12.8,5.5,3.5,3,12870,21159,25379,40462,43731,0.506,0.494,1.66,1.42,0.782,1.285,1.542,2.458,2.656,22912
1600000US0252940,"Nelson Lagoon CDP, Alaska",place,2013,39,16,23,12292,11667,0,0,32875,0,0,0,0,0,0,0,0,100,11875,32625,0,0,0,0.41,0.59,0.355,0,0.966,2.654,0,0,0,46
0500000US05021,"Clay County, Arkansas",county,2013,7442,4025,3417,22568,25302,32119,26778,19161,2,8.1,28.2,22.9,20.7,8.9,3.6,2.1,3.6,19255,21225,27331,32500,49567,0.541,0.459,1.32,1.199,0.853,0.94,1.211,1.44,2.196,15790
0500000US05023,"Cleburne County, Arkansas",county,2013,11391,6181,5210,23175,31837,41612,26507,15436,2.3,9.8,18.7,17.9,22.2,13,5.1,4.4,6.5,17721,26187,21459,41182,53968,0.543,0.457,2.063,1.57,0.765,1.13,0.926,1.777,2.329,25856
0500000US05025,"Cleveland County, Arkansas",county,2013,3760,2052,1708,27003,32963,44256,33045,23949,2,3.7,17.1,23,21.1,17.4,2.7,7.3,5.8,20000,26332,31444,51500,44167,0.546,0.454,1.376,1.339,0.741,0.975,1.164,1.907,1.636,8648
0500000US05027,"Columbia County, Arkansas",county,2013,11679,5859,5820,19278,26888,43103,29115,15640,4.7,4.8,20.6,18.1,20.6,10.7,7.4,6.5,6.6,15239,24607,25837,39434,48427,0.502,0.498,1.719,1.48,0.79,1.276,1.34,2.046,2.512,24512
